{
  "type": "AdaptiveCard",
  "body": [
    {
      "type": "TextBlock",
      "size": "Medium",
      "weight": "Bolder",
      "text": "Learn Adaptive Card and Commands"
    },
    {
      "type": "TextBlock",
      "text": "Now you have triggered a command that sends this card! Go to documentations to learn more about Adaptive Card and Commands in Teams Bot. Click on \"I like this\" below if you think this is helpful.",
      "wrap": true
    },
    {
      "type": "FactSet",
      "facts": [
        {
          "title": "Like Count:",
          "value": "${likeCount}"
        }
      ]
    }
  ],
  "actions": [
    {
      "type": "Action.Execute",
      "title": "Gostou disso?",
      "verb": "userlike",
      "fallback": "Action.Submit"
    }
  ],
  "$schema": "http://adaptivecards.io/schemas/adaptive-card.json",
  "version": "1.4"
}
